,site,date,time_period,site-date,site-time_period,date-time_period,site-date-time_period
0,inf,,,0.3833969790397054,,,0.20315976791038923
1,,,,0.10085638032461364,inf,,0.14046117264792843
2,,,,0.0033841925176745224,,inf,-0.07674489928843078
3,,,,0.03478915100138469,inf,inf,-0.13360182027277606
4,inf,,,-0.04659611634759053,inf,inf,-0.032986024997851665
5,inf,,,0.03530668425890138,inf,inf,-0.017493880287963726
6,,,,0.027502565864147677,inf,,-0.0232998917982645
7,inf,,,0.05481482927173009,inf,inf,0.0729797092926964
8,,inf,,-0.019000970915657556,inf,,-0.09031615929899947
9,,,,0.0027370439003608915,inf,inf,-0.04473819322669598
10,,,,-0.050347107225920285,inf,,0.05872526733902392
11,,,,-0.05911148472057692,,inf,0.05669909106568724
12,,,,-0.10967024215662557,inf,inf,0.09958874027491907
13,inf,inf,,-0.06532928746291744,,,-0.0263479202220345
14,inf,,,0.07048059226099457,inf,inf,0.0520518946178882
15,,inf,,0.027299166972124755,,inf,-0.0015063423258251107
16,inf,,,inf,inf,,-0.09925071500866703
17,,,,0.09587281361025068,inf,inf,-0.1149258131305563
18,,,,0.05092579751527304,,inf,-0.05615770460561181
19,inf,,,-inf,inf,,0.1943013388448954
20,,,,inf,inf,inf,-0.08835078885710324
21,,,,0.05338801101865309,,,-0.24428702691177287
22,inf,,,0.02524075102279788,inf,inf,-0.0672295216207395
23,,,,-0.0023783377675541395,,inf,-0.19484630972075745
24,,inf,,0.05175379651192458,,inf,-0.11123687497926467
25,inf,,,0.02934783991933232,inf,,0.0037339471068248142
26,,,,0.005468689108307112,,inf,-0.06257344475844531
27,,,,0.1496702833244976,,,0.15328912513552487
28,,,,0.28533431233289286,inf,inf,-0.3196976778998998
29,,,,0.1273840335742613,,inf,-0.12004936395214859
30,,inf,,-0.014741469517849826,inf,,0.1432983231050586
31,,,,,inf,,0.21350970562264474
32,,,,0.0004150310233652643,inf,inf,0.08338081461112931
33,,inf,,-0.04027128185843565,,,0.06404106406758178
34,,,,-0.10596057058259745,inf,,0.03590487493611569
35,,,,-0.0766651711365991,,,0.11847576690702186
36,,,,-0.0825584332153444,,inf,-0.08735212350996954
37,,,,-0.036467636555039595,,,0.06452813429676393
38,,,,-0.08591301619949743,,,0.12125195216731446
39,,,,0.046951622372788604,,inf,-0.1283347762097674
40,inf,inf,,0.04011215976554894,inf,inf,0.04584863640103473
41,,,,0.06458805014448998,,,0.03895088386231124
42,,,,0.01131986587713052,inf,inf,-0.14655805230811036
43,,,,-0.026617732522903337,,inf,0.174177681182743
44,,,,0.07227829729635049,inf,inf,-0.24289551289846772
45,inf,,,0.0056455973611873045,inf,inf,-0.06527458083247309
46,,,,0.014974506892191597,,,-0.029417660655733896
47,,inf,,-0.028553235941153554,,,0.06760011853709755
48,,,,0.04040863379696824,inf,inf,-0.2315594042082977
49,,,,0.10496996277698223,inf,,0.12621269096578722
50,inf,,,0.07959114860259753,,inf,0.08465240850479885
51,,,,0.12238010312246095,inf,inf,-0.2248885338533161
52,,,,0.042532127062588465,inf,,-0.07781597067046153
53,,,,0.06594394939315085,inf,inf,-0.08592963018186248
54,,,,-0.032139545579984,inf,inf,-0.1937322853286296
55,inf,,,-0.04755085378248247,inf,inf,-0.14439963033590125
56,,,,0.06498874037353275,inf,,-0.09489608311470905
57,inf,,,-0.014446680783045451,inf,,0.17552372732142094
58,,,,-0.038251490219915585,inf,,0.09890317355643588
59,,,,-0.014403826786292262,inf,,0.16549647770364803
60,,,,0.13054832520974502,inf,inf,0.034616436675675905
61,,,,0.08731748750157009,,inf,0.08203248400818883
62,,,,-0.00997933181306454,,,-0.02979704113202064
63,inf,,,0.002430532399226415,,inf,-0.11844347245865294
64,inf,,,inf,inf,,-0.01424450065219146
65,,,,0.02773534807655542,,inf,0.034760431993472035
66,,,,-0.08071604264573029,,inf,-0.03907353833575755
67,,,,-0.016593976365437024,inf,,0.07137153164222823
68,inf,inf,,0.03877643480464821,,,0.007702926186846232
69,,,,0.0024711687626599588,inf,inf,-0.08326751897817994
70,inf,inf,,0.0952095834400668,inf,inf,-0.0955440951671179
71,,inf,,0.03251900653710327,inf,,0.024960226340919905
72,,,,0.06504825518374058,inf,,-0.0999605082714793
73,,inf,,0.06988082163660114,inf,inf,-0.115258870788238
74,inf,,,0.005014364143548722,,inf,0.19694596955289964
75,inf,,,-0.008641848117879158,,inf,0.11790552563068249
76,inf,inf,,0.10143955939690996,inf,inf,0.16093110418558712
77,,,,-0.04128076102504008,inf,inf,0.10615074054802567
78,,inf,,0.010193197069348514,inf,inf,-0.09630463357336223
79,,inf,,-0.02135742531147833,,inf,0.06374638901704446
80,,,,0.09054737052391126,inf,inf,0.008699561325694605
81,inf,,,0.251403713727091,inf,,0.06646612776349234
82,,,,0.14733749414286978,,,0.04359752212628812
83,,,,0.18915219117815085,inf,inf,0.06775471965984683
84,,inf,,-0.006138740733332426,,,0.15499432990769033
85,,,,0.033350967101266615,inf,,-0.010436053586240585
86,inf,inf,,0.08038103857708978,inf,inf,-0.2359848819412539
87,,inf,,0.041863776931834185,inf,,-0.06731503017407459
88,,,,0.008367071608477827,inf,,-0.25030028614335603
89,,,,0.06052598812670751,inf,inf,0.05743507687392582
90,inf,,,0.005855557360735064,inf,,0.353081829626663
91,inf,,,inf,,,-0.03579019381991355
92,,,,0.1335767746016001,inf,inf,-0.005728416066364039
93,,,,0.007341678108730543,inf,inf,-0.10450547405705515
94,,,,0.058281462569319764,inf,inf,-0.006820431676242439
95,,,,0.06372022007407718,,,0.052743411667148604
96,,,,-0.03708974994299852,inf,inf,0.06864599227744925
97,,,,0.10164769897392367,,,-0.1456293613222012
98,,,,0.14904909924398857,,,-0.30169802078983704
99,,,,0.07088309685413208,inf,inf,-0.10981910876067087
100,,,,inf,,,-0.14040869355894203
101,,,,0.03765415474792477,inf,inf,0.012814550631364496
102,,,,0.01789914469084275,,,-inf
103,,,,inf,inf,,0.12650697270024777
104,inf,,,0.016824861921391765,inf,inf,0.10661009242200928
105,,,,inf,,inf,0.028405104890250804
106,,inf,,0.05838214459094404,,,0.24551405366640908
107,,inf,,-0.09129946190261329,inf,inf,-0.07283614676396918
108,,,,-0.008216190354580766,inf,,-0.17130236238066354
109,inf,inf,,0.008288533206424198,,,0.18128258831017632
110,,inf,,0.08889591798506213,inf,inf,0.011612903593298474
111,inf,,,-0.014291085372404977,inf,,0.12700167628413858
112,,,,0.08087380295470492,inf,inf,-0.1219740090018451
113,,,,0.02565372663343002,inf,,0.2720697638339281
114,,inf,,0.1416094625119806,,inf,-0.06186763142552271
115,,,,-0.07119813708863965,inf,inf,0.13503597693093253
116,,,,0.06274246678407591,,,-0.19231814238208894
117,,,,0.05749360743565468,,,-0.09129204921686768
118,,,,-0.05154348698495248,,inf,-0.012764289260394746
119,,,,0.09815300073089506,inf,inf,0.05757478826229742
120,inf,,,0.12342244077405784,inf,inf,0.0912925413769414
121,,,,0.10487262026342248,,,-0.2603261614860496
122,,,,-0.06629078889099937,inf,inf,0.07652202364673397
123,,,,0.08241628036668058,inf,inf,0.13008731085817174
124,,inf,,0.008863551030402261,,inf,0.08614407557048623
125,,,,-0.006038148838199975,inf,inf,-0.02132732796100753
126,,,,0.0843865657777565,inf,inf,0.01965491539653455
127,,,,-0.05421349932649355,inf,inf,0.19039828528078187
128,,,,-0.06762906714243111,,,0.12167977279333844
129,,,,0.11438844447544172,inf,inf,-0.2624879622287959
130,,,,-inf,inf,inf,0.07208430350680153
131,inf,,,-0.00874481950418926,inf,inf,0.07353369992731904
132,inf,,,0.2176310645968047,,inf,0.18744527156580124
133,,,,-0.009277754181260756,,,-0.061150773471427805
134,,,,0.07490510549522655,inf,inf,-0.04521738401681072
135,inf,,,0.11268697759940549,,inf,-0.051071190680396755
136,,,,0.018363286241115606,inf,inf,0.19676955374677804
137,,inf,,0.0388354725980844,,,0.11357384023044895
138,inf,,,0.043520093279600935,inf,,0.04882876303872699
139,inf,,,-0.07218616466549377,inf,inf,-0.36875669101282904
140,,,,-0.009942130791100512,inf,inf,0.042344641400607036
141,inf,,,-0.15441263887864154,,inf,-0.09849846317892309
142,,inf,,0.1282088875536498,,inf,-0.23211570074610682
143,,,,-0.037648733127175316,inf,,-0.055776542638603405
144,,,,0.02149840591065777,inf,inf,-0.0971607618708666
145,,,,,inf,inf,0.1359824981301638
146,,,,0.0129637292710032,,inf,-0.21254173545771
147,inf,,,-0.0017190877795720816,,inf,-0.041303875443589294
148,,,,-0.02066506577353433,inf,,0.1530387547771628
149,,,,-0.05801342480794358,inf,,-0.08901162049149502
150,,,,0.07517880891804785,inf,inf,-0.07087425653819066
151,,inf,,0.13152995658380862,inf,,0.08616117363266476
152,inf,,,0.16653786467210208,inf,inf,-0.10659528043648493
153,,inf,,0.032848501993870016,inf,inf,-0.15955861652454548
154,,inf,,0.10892904565581452,inf,,-0.11710483812690223
155,,,,-0.008398255981569847,inf,-0.19401182482637497,0.04288841312751182
156,,inf,,0.17395392448957314,inf,inf,0.05595545305324348
157,inf,,,0.24986969903326894,inf,inf,0.161617250760572
158,,,,-inf,inf,,0.06039403919395939
159,inf,inf,,-0.0337630270747189,inf,inf,0.026915442186541266
160,,,,0.1201286571621416,,inf,-0.0747164676398703
161,,,,inf,inf,,0.20227922013484503
162,,,,0.12246208631159439,,inf,-0.05140138604525624
163,inf,,,-0.07699066569815827,,,0.11639970819479148
164,inf,,,0.008870515880249341,,,-0.08964431109206097
165,,inf,,0.08776429125868046,inf,inf,-0.2084203914369584
166,,,,-0.06107711228851609,inf,inf,0.1812038867074279
167,,inf,,0.011297987544440335,,inf,0.027668543101923265
168,,,,-0.07745153310971031,,,0.02958065310277494
169,,,,-0.11663008308907563,,inf,-0.1091507059263364
170,,,,-0.0791349811909976,inf,inf,0.000795141686022155
171,,,,0.08567920662041661,,inf,0.1669819524004729
172,,inf,,-0.003358455379105285,inf,inf,0.04115082944005885
173,,inf,,-0.06156417879961462,inf,,-0.03421455379777463
174,inf,,,0.014683116665126228,,inf,0.09015349593868674
175,,,,0.052310314575410244,inf,inf,0.05952566460124739
176,,,,0.028605602411708064,,inf,0.20381739948833652
177,,,,0.019260629010432462,inf,inf,0.038105685952375706
178,inf,,,0.029305555401775152,inf,inf,0.22218108814521934
179,,inf,,0.04750317090402589,inf,,-0.14351290671816958
180,,,,0.06973074600433726,,,0.19613536401030565
181,,inf,,0.01063242998487901,inf,,-0.06427162441577638
182,,inf,,0.04014047296382217,inf,,-0.18212816423604639
183,,inf,,0.015599706525457613,inf,inf,0.1024121900085562
184,inf,inf,,-0.07745121714938441,inf,,-0.03878495138623475
185,,inf,,0.20989010983236311,,inf,-0.049359668467590545
186,,inf,,-0.07317153768093498,,,0.18850646101975968
187,,inf,,0.04926883130219184,inf,inf,0.3417311302092124
188,,,,0.013362196484717703,inf,,0.01695697920698283
189,,,,-0.0020461010339150043,,inf,-0.20725905012201126
190,,inf,,0.13733927394376422,inf,inf,0.06515050700619332
191,inf,,,-0.04668768301980597,inf,inf,0.0006150347831514746
192,,,,-0.04216689866210155,,inf,-0.1250669395034792
193,inf,inf,,0.046830873630062886,inf,inf,0.10297245003657887
194,,inf,,0.17424796122952313,inf,,-0.14020096492313983
195,,,,0.22596466730381626,inf,inf,0.020197823798334874
196,,,,-0.05020310834299635,inf,inf,0.16142554056519412
197,inf,,,0.09495991483107957,inf,inf,0.1098707632262195
198,inf,,,-0.004576904500728007,,,0.2579503676136994
199,inf,,,inf,inf,inf,0.036398510127636924
200,inf,,,-0.07172065502255687,inf,inf,0.05327645504150827
201,inf,inf,,-0.05690281782081019,inf,,0.04769137904568235
202,,inf,,0.43445276523148624,inf,,-0.04639073690149684
203,,,,0.10679523398185564,inf,,-0.043151207625780064
204,,,,0.10138585679385015,inf,,-0.09619580068720886
205,,,,0.007710092987494921,inf,,0.1110857946390316
206,inf,,,-0.017296027292886595,inf,inf,0.08379230932068285
207,,,,0.14797657564784905,inf,inf,-0.0818676596897567
208,,inf,,-0.0481001919321995,,inf,-0.16681763136819544
209,,,,0.11222545835761166,inf,,-0.14553841514870022
210,,,,0.09977106497660437,,inf,0.1194340729929311
211,,,,0.19019059927167525,inf,inf,-0.09191804800939735
212,,,,-0.09227307929799955,inf,,0.019351377529868985
213,,,,-0.007771994386196912,inf,inf,-0.0511832546567344
214,,,,0.023074440265473672,,inf,-0.08330122421742939
215,,,,0.10579010742025208,,,0.02207601106899945
216,,,,0.10530315489248498,inf,,0.14182841353530815
217,inf,inf,,0.04036566806033215,inf,inf,0.2559624511525411
218,,,,0.029514413666422268,,,-0.043970102317113485
219,,,,0.171425171008464,inf,inf,-0.03580851075615127
220,,,,-0.06815305204666489,,inf,0.093591815680543
221,,inf,,-0.0188147222281283,inf,inf,0.1871517670119737
222,,,,0.10932584476029072,inf,,-0.07239148776667242
223,,,,-0.04216069931482669,inf,inf,0.02495097567261259
224,,,,-0.010681446325627286,inf,inf,0.015111551655884542
225,,,,-0.01213832544672,,inf,0.07973566880407643
226,,,,-0.05022000704801455,,,0.022887424498122144
227,,,,0.11507403949698425,inf,,-0.1877933014771071
228,,,,0.11773002157644519,inf,inf,-0.048235442292693415
229,,,,0.0422898448968243,inf,,-0.08531529704939042
230,,,,0.03525487866894861,inf,inf,-0.1187575323979711
231,,,,-0.024972388014251834,inf,,0.0936062726028015
232,,,,0.00017307451240378136,inf,inf,0.027557107115914276
233,,,,-0.06338236324456359,,inf,-0.1174521589957183
234,,inf,,0.13085997010253703,inf,,-0.03760418196844212
235,,,,-0.02701560648869261,,inf,0.0010401980883452122
236,,,,-inf,inf,inf,-0.13952751625548376
237,,,,0.1319157767002348,inf,,0.10354914708773391
238,,,,-0.11257811664954054,inf,inf,0.12150778076959154
239,inf,,,-0.04645812136011873,inf,inf,-0.1254394136566353
240,,inf,,0.42280789434745825,inf,,0.16293372428779648
241,inf,,,0.09250014298650577,,inf,-0.128801141711862
242,,,,0.04309594010831197,inf,,0.03960829448513184
243,,,,0.03094850936717375,inf,,0.32060643522917354
244,,,,-0.15765281621167393,inf,,-0.19507933131281688
245,,,,-inf,,inf,-0.15293507444879664
246,,,,0.21896852677191503,inf,inf,-0.13064838020925326
247,,,,0.061808798369674456,inf,,0.1805682061723968
248,,,,-0.1057316274141562,inf,inf,-0.02934179087813421
249,,,,0.15135444401696807,,inf,-0.02752356045082227
250,,,,0.7552996512686543,,inf,-0.1280535182577618
251,inf,inf,,0.13742745882764051,inf,inf,0.014939462476872417
252,,inf,,-0.20283704571929362,inf,inf,0.18464173613177157
253,,inf,,-0.04679936211520741,inf,,0.014229351482107216
254,inf,,,0.15725662229440718,,inf,-0.18462832472858126
255,,,,0.011824527009898222,inf,inf,0.07720323249161967
256,,,,0.03720585697755152,inf,inf,0.09359527281085031
257,,,,0.139787475837152,,,-0.11437730365625862
258,,,,1.0519701714154628,,,0.042749390810766424
259,,,,inf,,,-0.0347911131458184
260,inf,,,-0.029284858411665393,,,0.08864194422654345
261,,,,0.05791022256128886,inf,inf,0.24090883044857767
262,,inf,,0.1579470631539026,inf,inf,-0.09566686801704748
263,,,,0.15581663854699834,inf,,-0.0586561421852175
264,,,,0.03724361379320529,,,0.1757917028990014
265,,inf,,0.06332120799266638,inf,inf,0.07412847020920457
266,,,,-0.0370014561421097,,inf,0.11446323110413528
267,,,,0.20394044051001603,,,-0.03291549688872117
268,inf,inf,,0.09779621691986473,inf,inf,-0.016460781871728003
269,inf,,,0.012738271703599757,inf,,-0.03697306317725366
270,inf,,,-0.007207931198787598,,,0.2656342513786183
271,inf,,,-0.026692799545058987,inf,inf,0.07917994339766468
272,inf,,,0.08971411799401618,,inf,0.10861503452214658
273,,,,0.11293938752784416,,inf,-0.10097648330376852
274,,,,0.2822182449503472,,inf,0.006112645157909685
275,inf,,,-0.07343435544873134,inf,,0.08701585376886359
276,inf,inf,,0.13567073993747214,inf,,-0.18679623006476692
277,,,,0.041329318947611604,,,-0.005475747579879814
278,,,,-0.020211206838956164,,inf,-0.26001022082167974
279,inf,inf,,-0.041065244944782586,inf,inf,-0.18635079940298488
280,,,,0.07686904211901568,,inf,0.17250449571124002
281,,,,0.17733170736849946,inf,inf,0.10390528373342753
282,,,,-0.08836260923396799,inf,inf,0.0208542899359018
283,,inf,,0.5033884836007967,,inf,-0.0196279861201899
284,,,,-0.019937172523211588,inf,,-0.12304032818432901
285,inf,,,0.008460013491986551,inf,inf,-0.07468197820509445
286,inf,,,0.049800290050394436,inf,,0.09016015815591386
287,,,,-0.022959051022074517,inf,inf,0.12532596254229658
288,inf,,,-0.010755661746034706,,,0.010261231004675825
289,,,,0.1352810602114034,inf,,-0.017504564747174017
290,,,,-0.11330765637013496,inf,inf,-0.1214144800690107
291,,inf,,0.07497074299215467,inf,inf,-0.08968397833656161
292,,,,0.12688429981389682,,,0.06015143216011812
293,,,,0.14003036278612702,,,0.08988664699115109
294,,,,0.07320049725830358,inf,inf,-0.027043804110017
295,,inf,,-0.04951541634095502,,inf,0.026632801953458435
296,,,,-0.015717386725796256,,inf,0.08561877406001125
297,,inf,,-0.09455806962329039,,,0.014179074163057998
298,,,,0.04591208414599324,inf,inf,-0.1799183774568036
299,,,,inf,inf,,-0.06584000400314224
300,inf,,,0.02301061385232539,,inf,0.21381477890900333
301,,,,-0.012473026325474201,inf,,-0.0801706200167489
302,,,,-0.002744273253663554,,inf,-0.10363272607837636
303,,,,0.24986945931825422,inf,,0.1113021831541263
304,,,,-0.12217689108603547,inf,inf,-0.07620712326263904
305,,,,0.03348031862121825,inf,,-0.04295585163519147
306,,inf,,0.003590701046308542,inf,inf,0.027705517098275567
307,,inf,,-0.08220877995966425,inf,inf,0.13242593619315282
308,,,,-0.05272061523433824,,,0.11438431731779011
309,,inf,,0.30570773756695124,inf,,-0.011568457107277053
310,,,,-0.10798420728592362,inf,,-0.1312044647610045
311,,,,0.04797035723676868,,inf,0.16237710933064234
312,,,,-inf,,inf,-0.010433102603491007
313,inf,,,0.013572443055125838,,,0.029424383156177347
314,,,,0.08325175346135127,inf,inf,-0.0023740033962517393
315,,,,0.00612983248718213,,inf,-0.06793761334373968
316,,,,inf,inf,,-0.21323835625270396
317,,,,0.08573933688170476,inf,inf,-0.04628716906652722
318,,,,0.2272501204444235,inf,inf,0.07001602893670592
319,,,,0.06003115148951599,,,0.1973815704644494
320,,inf,,0.052101518648898226,,inf,0.12043634269958345
321,,,,-0.046925718895923785,inf,inf,0.0957229966058458
322,inf,,,0.19055134998465184,inf,,0.08549806146819008
323,,,,inf,inf,inf,0.06873493443308634
324,,,,0.10220305794345119,,inf,-0.018706406809528897
325,inf,,,-0.013290669574464564,inf,inf,0.09608751359872822
326,,,,0.049813643125984575,,,-0.033928749153795956
327,,inf,,-0.0187757441377705,inf,inf,-0.11451375216451483
328,,,,-0.0036337581770262695,inf,,-0.10877971566218009
329,,,,0.01096340358874226,inf,inf,-0.09216693946762403
330,inf,,,-0.07604569604306621,inf,,-0.025762572333838163
331,,,,0.6278364004002468,inf,inf,0.04972922059132298
332,,inf,,0.04420842138086578,inf,inf,-0.16653977443816398
333,inf,inf,,-0.05955615734970965,inf,,-0.12210466368586927
334,,,,-0.0019284580831637754,inf,inf,0.1351250831383051
335,,,,-0.02652249346753588,inf,inf,-inf
336,,,,-0.027120863080198676,inf,,0.03571173072297265
337,,,,0.07810499823775285,inf,inf,0.03336024982268329
338,,,,0.8050411925224836,inf,inf,-0.05490707494406705
339,,,,0.31582675043090824,,inf,0.15096835592076194
340,,,,0.03763672199718493,,,0.01088014706298529
341,,,,0.07620372799043884,,inf,0.21788396093259352
342,,,,0.051577712833206446,inf,inf,-0.14609940235112118
343,,,,0.0015655096451998585,inf,inf,-0.08513075001759782
344,inf,inf,,-0.0009720598401217195,inf,,-0.02987274053476202
345,inf,,,-0.05772417913177463,inf,inf,0.018106773400130144
346,,inf,,inf,inf,inf,-0.02032254397768038
347,,inf,,0.04939660763595266,,inf,-0.07448443984438555
348,inf,,,-0.009378458525371336,,inf,0.010737224140374674
349,,,,-0.012042154819646322,inf,inf,-0.02356139683914496
350,,,,0.07534207326780162,inf,inf,0.050488878205958126
351,,,,-0.0936616768524774,inf,inf,-0.15113876301905593
352,,,,0.012129151845766684,inf,inf,0.0718775668153632
353,inf,inf,,0.0011715225554200792,inf,,-0.20768853467222126
354,,,,0.1435506735324532,inf,,-0.010517321308640082
355,,inf,,-0.1648959538841166,inf,,0.37365787050181487
356,,,inf,-0.08332352191197057,,inf,0.06124120230979682
357,inf,,,0.06645088928403053,inf,inf,-0.01915724999302451
358,inf,,,-0.07881823392766707,,inf,0.09536521510963367
359,,,,0.04991853767213206,inf,,0.09517627263602393
360,inf,,,-0.017741439998341324,inf,inf,-0.041364750337744144
361,inf,,,0.12016511691331888,inf,inf,0.030778174348801812
362,,,,0.1154727657143304,inf,inf,0.049675855539592945
363,inf,,,-0.02502523995060857,inf,inf,0.038141915132365894
364,,inf,,-0.016129061356171315,,,0.04696009713582802
365,,inf,,0.06246082872091119,,inf,0.04890831079281502
366,,inf,,-0.05797621478623971,inf,inf,0.13877055550825176
367,,,,0.07640839004592848,inf,inf,-0.0484307633264727
368,,inf,,0.021681060959555465,inf,inf,0.02744481252120648
369,,,,0.06277613091150447,inf,,0.07891970975522092
370,,inf,,-0.05018662518931283,inf,inf,-0.09253771554017681
371,inf,inf,,0.11622850955732855,,inf,0.010306107541965231
372,,inf,,0.17252726230698068,,inf,-0.033478677730208795
373,inf,inf,,0.04953169018806247,inf,inf,-0.0023925541740093537
374,,,,0.03682217297776691,inf,inf,0.27338493680788734
375,,,,-0.03311379788845503,inf,inf,0.011344350448832474
376,,,,-0.0018027903736312911,,,-0.010120053579197597
377,,,,0.2065576114996508,inf,inf,-0.14349468365117116
378,,,,0.09811208391308246,inf,inf,-0.10734285615432337
379,,,,0.08591327214294298,inf,inf,-0.1985175944804847
380,inf,,,0.09367567692724599,,inf,0.04477833848340032
381,inf,,,-0.06584262880686409,,,0.17488362336839322
382,inf,,,0.0725589156129276,inf,,0.09218737494288606
383,,,,-0.02523087460953155,inf,inf,-0.0907499400853693
384,inf,,,-0.0847051505795926,,inf,0.14029999473103164
385,,,,0.006657027531032034,inf,inf,0.1892568684819411
386,,,,0.17858184196143134,,,-0.11919843270630788
387,,,,0.20095025066741545,,inf,-0.1456533709178498
388,inf,inf,,0.0016046998932477408,inf,inf,0.058035674730331305
389,inf,,,0.1483357166067918,inf,inf,-0.09299622064326094
390,,,,-0.006936453770945539,,,-0.30262639549587905
391,,inf,,-0.030274011685062385,inf,inf,0.05293818990540314
392,inf,,,0.01237157751178164,,inf,0.12950399101757823
393,inf,,,1.5919425154077376,inf,,-0.020277203110307174
394,inf,,,-0.007216236014730093,inf,,0.08154174305496928
395,,,,0.05893080254120564,inf,inf,-0.05111023748335641
396,,inf,,-0.015713047377181377,inf,,-0.03655240368325757
397,inf,inf,,0.11047605176744146,inf,,-0.03606003562549959
398,inf,,,-0.04166458966584874,inf,inf,-0.09649878064548581
399,,,,0.31439504119316397,inf,inf,-0.0377001318857777
400,,,,0.015261626161528374,inf,inf,-0.04460701693461461
401,,inf,,-0.003672622910228851,,inf,-0.09788481414937295
402,,inf,,0.09745641293128404,inf,inf,-0.1517498605325558
403,,inf,,0.033789501378757913,,inf,-0.18791681709338282
404,,,,0.06567397732981473,inf,inf,0.035204154891029044
405,,,,0.16246405083296311,inf,inf,0.0884202826008432
406,,,,0.14208862328550942,inf,inf,-0.0387983623125043
407,,,,0.0748421999623261,,,0.02950167641713866
408,inf,inf,,0.0277253805347617,inf,,-0.15238587307759022
409,,,,0.10684437588846696,inf,,0.10673066764175707
410,,,,0.12750593975228974,inf,inf,0.021512807948771973
411,,inf,,0.0860841474730254,inf,,0.19789034876689235
412,,,,-0.05849635582923174,inf,,-0.3128712628492536
413,,,,0.04529581308643804,,inf,0.24398576825700038
414,,,,inf,inf,,-0.1350436787487648
415,,,,-0.020455379192982015,inf,inf,0.04392004710761324
416,,,,-0.09970064390689348,inf,,0.09768175077024274
417,,inf,,0.10067812830028244,inf,,0.08447717295709314
418,inf,,,0.10427992221314764,,inf,0.0027003104845708115
419,,,,0.03445649675869111,,,0.08486527036388822
420,,inf,,0.11997519218069397,inf,inf,0.04120725275006468
421,inf,,,-0.08007787835810332,inf,inf,0.08545061553923214
422,,,,0.0478514372407961,inf,inf,0.145112179744561
423,inf,inf,,0.008195196540287109,inf,,-0.3148561889746349
424,,,,-0.04996502829130156,,,-0.07508654095227513
425,,inf,,0.14452511466212425,inf,inf,0.04543499504857182
426,,,,-0.11094026916821864,inf,inf,0.032542243127560905
427,,,,0.03974714293511927,inf,inf,-0.09977712174734754
428,,,,0.1752616468861241,inf,inf,0.06162829059598593
429,inf,,,0.06778149362480468,inf,,-0.26232701015433585
430,,,,-0.01969183098409899,inf,,-0.11033576661381343
431,,inf,,0.03855132965578156,inf,inf,0.17109740188629166
432,,,,0.224898048692993,inf,inf,0.19329182322104596
433,,inf,,0.11701852164473969,,inf,-0.03868630718504745
434,,,,0.0752497378229815,inf,,0.16078460617687387
435,,,,0.028212975525836237,inf,inf,0.1447259350930659
436,inf,,,0.07163639886380113,,inf,0.03649516084681034
437,,inf,,0.20686982293393252,inf,inf,-0.08161127735026485
438,,,,-0.0047832762004651475,,inf,0.29631559655398954
439,inf,,,0.07256067731076499,,,-0.14051299065305672
440,,inf,,-0.01445352044909165,,inf,-0.07532476569376861
441,,,,-0.05466560316512781,inf,,0.01553131757971174
442,inf,,,0.09633670957663054,inf,,0.11044568056311568
443,inf,,,0.10787844964649018,inf,inf,0.04619511340837665
444,,,,inf,,,0.14261902787296268
445,,,,inf,,inf,-0.06356461537244287
446,,,,0.029126558250830437,inf,,0.0959768181381204
447,inf,inf,,0.2011973982425994,,inf,-0.05829388667511798
448,inf,,,0.016483992554504168,inf,inf,0.04298306222193518
449,,inf,,-0.06365215131019974,inf,inf,0.046034747875453835
450,,inf,,-0.008652486221518263,inf,inf,0.181226133006305
451,,,,0.14988722367334484,inf,,0.023542581772819787
452,,inf,,-0.13864528087461458,,inf,-0.19646482205866722
453,,,,0.05050919774402285,,inf,0.02730435525078928
454,,inf,,-0.017804184735901396,inf,,0.1365665951486675
455,,inf,,-0.025402414634155823,inf,,0.05905199778577755
456,,,,0.2109334686009492,,,-0.11926260075641108
457,inf,,,-0.005634151701953138,inf,,0.04693137182363302
458,inf,,,-0.1192093264818026,inf,inf,0.18000125483466153
459,inf,,,0.033020371237205026,inf,inf,-0.03657469804370189
460,,,,0.2316003837098668,,inf,-0.05967142567858158
461,,inf,,0.010934466153644351,inf,inf,0.06607307389947406
462,,,,-0.027462209398064097,,,-0.14242206118221779
463,,,,0.10471820179536429,inf,,-0.08053985316242318
464,,,,-0.04806307708896296,inf,inf,-0.275262082668195
465,,,,0.0386200377431305,inf,,0.14571739521072344
466,,,,0.03387093220418391,inf,inf,-0.07030492268190286
467,,,,0.09948247741042993,inf,,-0.19940100618400391
468,inf,,,-inf,inf,inf,-0.10207638555556864
469,,inf,,0.16374908699621615,,,-0.06998781008791721
470,,inf,,0.1242722708432864,,,0.24636095190837978
471,inf,,,-0.056693233539550025,,inf,-0.16439585028868067
472,,,,0.5784801164495919,inf,,-0.23194718058638816
473,,,,-0.13479473030505273,inf,,0.13067306968613243
474,,,,-0.05870886835791267,inf,inf,0.1438096846160922
475,inf,,,0.11115455341185898,inf,,-inf
476,,,,0.0259147819367469,inf,inf,-0.07043399704416686
477,,inf,,inf,inf,,-0.10663368422247667
478,,,,-0.04897931354973428,inf,,0.07747493914561202
479,inf,,,0.22464921931898263,inf,inf,0.11178119599848177
480,,,,inf,inf,inf,-0.0629301603452514
481,,,,0.009332981597450996,inf,inf,0.04311243259888484
482,,,,0.16355255210275899,,inf,0.002084542141618878
483,,,,-0.0728955826575548,inf,inf,-0.0602547075979612
484,,,,0.12218599053122703,inf,inf,0.04001869407411071
485,inf,inf,,0.040651379331198445,inf,inf,0.19706055401332465
486,,,,-0.06091761560615527,inf,inf,-0.030056894548716573
487,inf,inf,,0.11363959345431773,inf,,0.2084983896489637
488,,,,inf,inf,inf,0.029913923540509285
489,,inf,,0.06354446262852353,inf,,0.016601633394603355
490,,,,0.5452951145572114,inf,,-0.20694404989979595
491,,,,0.2544557270019052,inf,inf,-0.0679418400662089
492,,,,-0.07072775042351176,inf,,-0.023564647669139738
493,,,,0.17867117568210356,inf,inf,0.05101058395197958
494,,,,0.04945188427254443,inf,inf,0.08237432644339168
495,,,,0.14573984983568877,,inf,0.06485610644890091
496,,inf,,0.012721821788833187,,,-0.14501497719322115
497,,,,-inf,inf,inf,-0.08393136126096429
498,,,,0.05262733115122775,inf,inf,-0.023355500949761354
499,inf,inf,,-inf,inf,inf,0.27091561570519174
500,inf,inf,,inf,inf,,0.20849804836141764
501,inf,inf,,0.07625021864336157,inf,inf,0.050555647493011086
502,,,,-0.036567851820349384,inf,inf,-0.05351574329561273
503,inf,,,0.06897225144291164,inf,,-0.12311114581376895
504,,,,0.009981213392727062,inf,inf,0.0524907267501136
505,,,,-0.047541102077508945,inf,inf,0.07834661363804404
506,inf,,,-0.054545253314084885,,,-0.1732160999425529
507,inf,,,-0.06071000918306835,,inf,0.07075985384350056
508,inf,inf,,-0.09871531306168269,,,-0.04740623317235629
509,inf,inf,,0.07708001177774637,,inf,0.12893184854594078
510,,inf,,0.0945006238637951,inf,inf,-0.0941759195743476
511,,,,inf,inf,inf,0.030795050319616768
512,inf,,,0.27398495485692,,,0.12447403053175535
513,,inf,,-0.038853390885221994,inf,,0.07359859172608704
514,,,,0.0890748114009845,,,0.06593216890264056
515,inf,,,0.12465240989309834,inf,,0.09888615315289931
516,,,,inf,,inf,0.08908246746744922
517,,,,0.10413617528918384,inf,inf,-0.16534269504479945
518,,,,0.02408484587269477,inf,inf,0.07665460256961323
519,,inf,,-0.061464378148082366,inf,,0.017864115002047848
520,inf,,,0.03419107108253838,,inf,-0.011472917912697028
521,,inf,,0.09895663811680344,,inf,0.0956768388579737
522,inf,,,0.07548485824634765,inf,,-0.02223102303664462
523,,,,0.009369682240467414,inf,inf,0.3072387749335457
524,,,,0.18063553455949588,inf,inf,0.17582040787260925
525,,,,0.09731307026021385,inf,,-0.1957807481591438
526,,,,0.08428641535760506,inf,inf,-0.09868624525049302
527,inf,inf,,0.051628340531745476,,,-0.035030777783307765
528,,,,-0.01949253489319691,,inf,-0.1041256550437983
529,,,,0.03101926850329506,,inf,0.06123573867268592
530,,,,0.09889276755282683,,,0.18815172482628115
531,,,,-0.06270588416014111,,inf,-0.08630042951663441
532,inf,,,0.09925752831623913,,inf,0.01990206285424273
533,,inf,,-0.0640537980625171,,inf,-0.041942832440526795
534,,,,-0.02081372107743973,inf,inf,-0.17042527041812439
535,,,,inf,inf,inf,-0.0017324799339346053
536,,,,0.024832249267635165,inf,inf,0.09956222697792697
537,inf,,,-0.10610387711693758,inf,,0.11618687346151244
538,,inf,,0.17746247158436756,inf,inf,0.014104582819200684
539,,,,inf,inf,inf,-0.11101890561846092
540,inf,inf,,0.20432388019388914,inf,inf,0.17585309570869243
541,,,,inf,,,0.0008783010835168026
542,,inf,,-0.011226657877761559,inf,inf,-0.0028161573115855765
543,,,,inf,,,-0.31388959587322623
544,,,,-inf,,inf,0.08913823547764196
545,,,,0.037752769470355885,inf,,0.07130263166635539
546,,,,0.07899605869478088,,inf,-0.11058333701862673
547,,,,0.050937037960949505,,inf,0.028430684924340144
548,,inf,,0.02398841516063288,inf,inf,-0.06651694258769544
549,inf,,,-0.15995876870300596,inf,inf,-0.2331144420476736
550,,,,0.2623309355843262,inf,,-0.16734394375223882
551,inf,inf,,0.2112894306731976,,,-0.08083367608748107
552,,,,0.0704163615395168,,,-0.10020748786045311
553,inf,inf,,0.04684026627581983,inf,,0.1257054221073969
554,inf,,,0.09332952207085254,inf,,0.02261466007671281
555,,,,-0.027121892379083468,inf,inf,-0.14127212384521382
556,,,,-0.05772121655217188,,inf,-0.13821433046030646
557,,,,-inf,,,-0.1839797974395307
558,,,,0.06684464531937251,inf,inf,-0.04520022433201826
559,,,,0.03114674681645835,,inf,0.21426177007766736
560,,,,0.05709017513479142,inf,,-0.16435387349422448
561,,,,0.018187384181659327,,,0.0682733187380081
562,inf,inf,,0.01636650290439312,inf,inf,0.00849390186807597
563,,,,0.16565264078376818,inf,inf,0.14082973437444865
564,,inf,,0.16552567663440643,,inf,0.1666205698381499
565,,inf,,0.010454155215461114,inf,inf,0.045045311636753765
566,,,,-0.09696317842213897,,inf,0.08532650383454829
567,,,,0.09271555753219629,,,-0.15284755772535213
568,,,,0.13151976103955643,,inf,-0.12118557535289921
569,,,,0.06789082914876299,,inf,-0.041134837161746485
570,,,,0.044778488456404864,inf,inf,-0.20906037887152845
571,,,,0.1329671807774433,,,-0.0552331781865005
572,inf,,,0.15428487385655876,,inf,-0.14764761094074202
573,,,,0.0409932987545516,,inf,0.13668739039039593
574,,,,0.059832836999474504,,inf,0.012478791749176349
575,inf,,,0.04053129430137514,,inf,0.1272883701864789
576,,,,0.04841736655446338,,,0.1665929104212309
577,,,,0.011021993710017997,,inf,0.1551167481629481
578,,,,0.09111038937789884,,,-0.07618290089617996
579,inf,,,0.04342645913063636,inf,,0.0558622706970944
580,,inf,,0.05328593969381368,inf,,0.08499415414562203
581,,,,-0.0895301906152397,inf,inf,-0.11344952372875311
582,,,,0.12373752048050335,inf,,0.09466510713075618
583,,inf,,inf,,inf,0.0763697268679294
584,,,,-0.02173430381090835,inf,inf,0.014106574817861123
585,,,,-0.030074732545425364,inf,,-0.05599947862122445
586,inf,,,-0.057514569596988085,,,0.07079270318745548
587,inf,,,0.05627325222818169,inf,inf,0.2113080550789785
588,,,,0.16103234947863876,inf,,0.06815528305080662
589,,,,inf,inf,inf,-0.13289828210610075
590,inf,,,0.053622861922663745,inf,inf,0.07093497862483913
591,,,,0.11285580271186291,,,0.03141806919465065
592,,inf,,0.17944832157234014,inf,inf,0.18585753773854138
593,inf,,,0.1326128598301457,,,-0.19992231998031004
594,,inf,,-0.006908876053301816,inf,inf,0.06974094336940509
595,,,,0.030494838555538806,inf,inf,0.013773807968665536
596,inf,,,0.049192026841726966,,,-0.171378707084694
597,,inf,,0.03934430818700174,inf,inf,0.18077600073996922
598,,,,-0.029710782837032435,,inf,-0.08368477819652903
599,inf,,,0.0459894912447647,inf,inf,-0.010684055584671198
600,,inf,,0.3668018773869053,inf,inf,0.06324450908035054
601,,inf,,inf,inf,inf,0.0022358296873810357
602,inf,,,0.3654067721892995,inf,inf,0.007587748890403284
603,,inf,,0.07180626282977531,inf,inf,-0.26201267399859623
604,,,,0.013442068264886364,inf,inf,-0.1384579585638132
605,,,,-inf,,,0.07661409642907888
606,,inf,,-0.06655203136891785,inf,inf,0.018527254041071417
607,,inf,,0.075656971408121,inf,inf,-0.07706452994751647
608,inf,,,-0.031030370007956387,inf,inf,0.05828721613656043
609,inf,,,-0.06304438950373958,,inf,0.034205595474206124
610,,,,0.09221057133801325,inf,inf,-0.015813169579215997
611,,,,-0.013083459768408412,inf,,0.032471369663586075
612,inf,,,-0.009313699648567209,,inf,0.11861979382944601
613,,,,0.3124767161637265,inf,inf,-0.09868487534457877
614,inf,inf,,0.0024633054355061024,inf,,0.20587707283488568
615,,,,0.01040232588109724,,inf,-0.0017336130612310985
616,inf,,,0.24716103623428043,inf,,0.15831934497305558
617,inf,,,0.15840616949191388,inf,,0.30386957485887434
618,inf,,,0.09258054036740848,,,0.13433056317755018
619,inf,,,0.05976570413491733,inf,,-0.11571321432668415
620,,,,-0.008480037772197857,inf,inf,0.045398032322458176
621,,inf,,0.030308841398665853,inf,,0.10514417881183244
622,,inf,,0.14161898082774038,inf,inf,-0.07968641294020226
623,,,,-inf,inf,inf,-0.010890690835415412
624,,,,-0.03973777187665761,inf,,-0.056264843490106214
625,inf,,,0.2617138054998416,,,-0.04093974308916204
626,,,,-0.12631254203258502,inf,,-0.1255105552014974
627,inf,,,0.028609978664426494,inf,inf,-0.1829890960002855
628,inf,inf,,-0.07263387719434267,,inf,0.093886569501938
629,,,,0.065928497017812,inf,inf,0.11291298933347058
630,,,,0.006740494572600397,inf,inf,-0.0842986960999498
631,inf,inf,,0.13175765275279105,inf,inf,inf
632,,inf,,0.013361287535695876,,inf,0.120321110323621
633,inf,inf,,0.0222897573516736,inf,inf,-inf
634,,,,-0.027030845840734896,inf,inf,0.1853588267458441
635,,,,-0.02459851819907488,inf,inf,-0.010890859548469856
636,,,,-0.02094899365727465,inf,inf,-0.10655795628826005
637,inf,,,0.1718144534664776,inf,,-0.057400984877676725
638,,,,0.04844184074985458,inf,inf,-0.13029365230209147
639,,,,0.03434928627412592,inf,inf,0.3038850938105725
640,inf,inf,,0.0762394117137779,inf,inf,0.015245284906491796
641,inf,,,0.02600235390292771,inf,inf,-0.0837415658106262
642,inf,,,0.0027869684235650727,inf,inf,-0.09525622268286166
643,,,,0.04556835208565535,,,0.14887273051089486
644,,,,0.041272633128512703,inf,inf,0.10170419586364318
645,,inf,,-0.03319163484763332,inf,inf,-0.05361805919912077
646,,,,-0.06817865643836529,inf,inf,-0.05185362662437354
647,inf,inf,,inf,inf,inf,0.02209519499439644
648,,,,-0.04649207151900314,,inf,-0.18746162554402276
649,inf,,,0.12903589809228766,inf,,0.13913338429432667
650,inf,inf,,-0.020227711760815392,,inf,-0.20891724933487468
651,inf,,,0.06403414381834538,inf,,0.01361753020723841
652,,,,0.0662635690533222,,,-0.19129698681226384
653,,inf,,0.0016395546153056273,,inf,0.07130830598785201
654,,,,-0.051587031122730664,inf,inf,0.11872857014583113
655,inf,,,-0.06105998751252684,inf,inf,-0.060968375059580054
656,,inf,,0.008023585688474055,inf,inf,-0.07384222799603388
657,,,,-0.05884511202755949,inf,inf,-0.14461535405835807
658,inf,,,0.15402156302941528,,inf,-0.034218665593689496
659,inf,,,-0.021348708724382215,inf,,-0.03434283539808128
660,,,,-0.0033551155105773223,inf,,-0.1756985415538655
661,,,,-0.11329804594836457,inf,inf,-0.15591580751656095
662,,,,-0.15099278690126883,inf,inf,-0.08191050793188503
663,inf,,,-inf,,,-0.04075514571285391
664,inf,inf,,-inf,,,-0.010533659089909941
665,inf,,,0.06350086654522347,,inf,0.07061929703963579
666,,,,0.11220935516762442,inf,,-0.07018681021345097
667,,,,0.03207055410832149,inf,inf,-0.21447584648718337
668,,inf,,0.11536724965715717,inf,inf,-0.1004025256857463
669,,,,-0.007534408065539067,,inf,0.03015846293538721
670,inf,,,0.28805637772396575,,inf,0.04473284347600079
671,,,,0.0953617013424588,inf,,-0.15530889508493667
672,,,,-0.08911302527745213,,inf,-0.14335542522604583
673,inf,inf,,0.09187284304814658,,inf,-0.05090046854890021
674,,inf,,0.48933390851504277,,,0.09259649219937607
675,,,,-0.047403801356906694,,,0.03311961025979068
676,,inf,,-0.007785397366803615,,inf,0.07969620668256736
677,,,,-inf,,,-0.02307924436807135
678,,,,-0.018649706993211446,inf,inf,-0.20150682501089204
679,,,,0.08208622934888021,inf,,-inf
680,inf,,,-0.033663770751056976,,,0.22617186876111892
681,,,,0.002744025206998346,inf,inf,0.051254380080828194
682,inf,,,-0.13486733390980987,inf,inf,0.02612278181926314
683,,,,-0.009814057263261233,,inf,-0.2507186978794164
684,inf,,,-0.0774724895619654,,inf,0.29935364588268043
685,,,,-0.05162534302360333,,,-0.09880284891629598
686,,inf,,0.21581397569122163,inf,,-0.08992960101372738
687,inf,,,-0.03383829635563673,inf,inf,-0.038993524233742055
688,,inf,,-0.04494369875293258,inf,,-0.06691446515544569
689,inf,,,0.18952348080930093,inf,inf,-0.046329086098413685
690,inf,,,0.08559800444150834,inf,inf,-0.249180496503085
691,,,,0.2805352609865166,,,0.018370038628891555
692,,,,0.06784015304806501,inf,,0.08652086656807109
693,,,,0.1353699270611528,inf,inf,-0.18086142813964284
694,,inf,,0.03978297550288179,,,-0.08485389951771491
695,,,,0.11310702007118234,inf,,-0.2205526345055284
696,inf,,,0.09868943335467639,,inf,0.04839687059295325
697,,,,0.061209352353804425,inf,inf,0.019972721496949675
698,,,,-0.014199401312106508,inf,,-0.18843594281511927
699,inf,,,0.14861597678476768,inf,inf,-0.10415585245537219
700,,,,-0.024748608759477486,inf,inf,-0.005579772382274084
701,,inf,,-0.0726897224838754,,,-0.0012935087764406605
702,inf,,,-0.04955580553770722,,inf,-0.061111318525805425
703,inf,inf,,0.016303726826170095,inf,inf,-0.06568258227118703
704,,,,-0.0538407813169306,,inf,0.1681373458544955
705,,,,0.0019186573132958795,inf,inf,-0.06080542142239051
706,,inf,,0.07400665235591286,inf,,-0.16951334941272475
707,,,,-0.00482397069756324,inf,,-0.11660642173328312
708,inf,,,0.08355897709002624,inf,,-0.14690430148150307
709,,,,0.038751227587596304,inf,inf,-0.094552854575006
710,,inf,,-0.04737167325753133,,,-0.05387330457559261
711,inf,,,0.09319552616183202,inf,inf,-0.07223210615702011
712,,,,-0.053062374592689254,inf,inf,0.21644069213189862
713,,,,-0.09490885586712028,inf,inf,-0.078306374171707
714,,,,-0.019871753607934695,inf,inf,-0.004781304417558613
715,inf,,,0.08582050580000389,,inf,-0.23468456494583465
716,,,,0.1245663870246938,inf,inf,-0.1134326729041017
717,,,,-0.011302827938868942,inf,inf,0.06104409090770632
718,,,,0.00044194682180087597,,inf,0.11933743959737322
719,,,,0.1478966189803672,inf,inf,0.08291465528043487
720,inf,,,0.005682719010216664,inf,inf,0.010111213871440539
721,,,,0.030344736531618732,inf,inf,-0.24330340310651694
722,,,,0.03552939641901154,,inf,-0.07670742226708224
723,,,,0.010630683723798828,inf,inf,0.03126887978227419
724,,inf,,-0.2728992718669671,inf,inf,0.01904227891674215
725,inf,,,0.0761489070336947,inf,,0.07116310550608232
726,,,,-0.025993228431524074,inf,,0.02918445403919348
727,,,,0.01859168373090192,,inf,-0.1621627758731958
728,,,,inf,,inf,0.18396338456386765
729,,,,-0.015922333255387056,inf,,0.06931170218316815
730,,,,0.2120340338476634,inf,,-0.11926862812120971
731,inf,,,0.012013479202447996,inf,inf,-0.003207438722634681
732,,,,0.026698426937233455,inf,inf,0.02793912530817949
733,,inf,,0.06400931170450197,,inf,0.07497541341432692
734,,,,0.06889612622541597,,inf,-0.05593424293022409
735,inf,inf,,-0.03988255235531879,inf,,0.06741617602323793
736,,,,-0.01425446647167794,inf,inf,0.055238436105650296
737,,inf,,0.151738485988842,inf,inf,0.17236940829614725
738,,inf,,0.029823231501547642,inf,inf,0.030634764674698584
739,inf,,,0.17561939636459312,inf,inf,-0.06591917110445877
740,,,,0.5718748980191826,,inf,0.09521683690279856
741,,,,0.07351979763893368,inf,,0.04711200689406711
742,,inf,,0.0718787387573614,inf,inf,0.07470191170690796
743,inf,,,0.10563860623595289,inf,,0.01133546133929586
744,,,,-0.09678236541997776,,,-0.07450639434473341
745,,,,0.08329700901383985,,inf,-0.17340923313746226
746,,,,-0.037210147571547836,inf,inf,0.18709558585047228
747,,,,0.11168067531659664,,inf,0.04977971265409256
748,,inf,,-0.07124868257428507,,inf,-0.13249183984215984
749,inf,,,0.018270452931850256,,inf,-0.05752397839640047
750,,inf,,0.7968226105514831,,,0.017652797910775175
751,,,,0.062278386429281296,inf,inf,-0.1123869719435602
752,inf,,,0.04174878000970361,,,0.06073436802549534
753,inf,,,0.26464620680930273,inf,inf,-0.11704346744663591
754,,,,0.029220137716207573,inf,,0.038208740779383826
755,,,,0.09900862085385054,inf,,-0.10841244957451551
756,,,,0.18076317024030408,,inf,-0.07585526645307236
757,,,,0.007162261799875669,inf,,-0.1268461847672086
758,,,,0.020193287801668847,,,0.24209718884512407
759,,,,0.10344691893568392,inf,,-0.11308715658243422
760,,,,0.05384934494448412,inf,inf,-0.14232726826823516
761,inf,inf,,-0.05788915564156816,inf,inf,0.1527462545157761
762,,,,0.06654122846084376,inf,inf,-0.03206134350990125
763,inf,,,0.10922511177206151,,inf,0.05995800784621333
764,,,,-0.11241670357492262,inf,,-0.16963338479502288
765,,inf,,0.01859194208172754,,inf,-0.1694609458976626
766,,,,-inf,,,-0.00031224025283274615
767,,,,-0.0072526647324109295,,inf,0.12703524531148605
768,,inf,,0.0749880745149969,inf,,-0.05683873172259238
769,,,,0.1106195675366255,inf,,-0.21483323859245884
770,inf,,,0.12485912139357391,inf,inf,-0.024753554382381582
771,inf,inf,,0.05192547036072148,inf,inf,-0.09611141365337017
772,inf,,,0.14620360319018566,,,-0.01018095693437801
773,,,,0.035867568026390684,,,-0.008939923791973586
774,,,,0.04911369373135699,,inf,0.22062248494664352
775,,inf,,0.015581223162883129,inf,,0.09993238692491155
776,,,,0.005671021363517381,,inf,-0.2937677125621323
777,,,,0.09178308912675792,,inf,0.15734171367875574
778,inf,,,0.06062184706635887,,inf,-0.009460123872513937
779,,,,-0.03492992713141896,inf,inf,-0.027876038806922493
780,,,,-0.004141534189030516,,,0.023128325086345408
781,,,,-0.04328275405407722,inf,inf,0.07332740461674284
782,,,,0.037385177256945346,inf,,0.039235929399445174
783,,inf,,inf,inf,inf,-0.032045704156148935
784,,inf,,inf,inf,inf,0.15477737283839968
785,,,,inf,inf,,-0.10845197777072345
786,,,,0.02880217239084404,inf,,0.06277641073368098
787,,,,0.09681363430248435,inf,inf,0.0021571055653031856
788,,,,0.023177939192320585,inf,inf,0.1000385329345442
789,,,,0.06013954867715143,inf,inf,-0.14742657913404145
790,,,,0.21355593635525794,inf,inf,-0.06645131269576382
791,,,,0.07232425322875402,inf,inf,0.04612384327711852
792,,inf,,0.06981231438027669,,inf,0.18226368378693922
793,,inf,,0.12068493409139514,,inf,-0.045514039658398814
794,,,,0.07359690742895486,inf,,-0.06513080787210215
795,,,,0.003129275179704738,inf,,-0.11387890369786421
796,,,,0.02256185736076488,,inf,0.020868906981948043
797,,inf,,0.21979117549042249,,,-0.1425920988218103
798,,,,inf,inf,inf,-0.01240709678923152
799,inf,inf,,0.06756432060600237,,,-0.024769513942902915
800,,inf,,-0.12934319354610957,inf,inf,-0.19275276461695542
801,inf,inf,,0.07792448603086966,inf,inf,-0.046550812744122816
802,,,,0.08492853646322795,,,0.020979565010068535
803,,,,-0.07654922413379128,inf,inf,0.18509305973522586
804,,,,0.019658023580664485,,inf,0.05846649298800291
805,inf,,,0.09526321099466029,inf,inf,-0.08756995602476514
806,,inf,,inf,inf,,-0.02746531964459606
807,,inf,,0.05486726390528829,inf,inf,0.05221439614484927
808,inf,,,0.08529401140277049,,inf,0.10306797090452599
809,inf,,,0.08411073207869624,,inf,-0.0639396556937788
810,inf,inf,,0.020569225543618286,,inf,-0.0702437150131488
811,,,,-0.049053190989019946,,inf,-0.10084139804614974
812,inf,inf,,0.24107031976626048,inf,inf,0.13550503771236874
813,,,,0.1604866668768472,inf,,-0.1312806611327451
814,,,,-0.05754331831988435,,inf,0.406056433905
815,,inf,,0.028905220062738213,inf,inf,-0.07777757426107482
816,,,,0.0024138500429351506,,,0.09658843147589466
817,,,,0.14151385556746998,,inf,-0.06947343083048227
818,,inf,,0.03925881466826042,inf,inf,-0.18168619171801045
819,,inf,,-0.03416638848234532,inf,inf,-0.023765368032695078
820,inf,,,0.263404424585284,,inf,0.16852574539120954
821,,,,0.4964552042118837,inf,inf,-0.013744202155065888
822,,inf,,-0.08888730098454789,,inf,-0.02122602843805732
823,,,,0.0021099240884594472,inf,inf,-0.05252848385654865
824,,,,0.039943255347555384,inf,inf,-0.04805880671687987
825,,,,0.18870237194325745,,inf,0.06780930395439419
826,,inf,,0.0628442496394992,,inf,0.14144264067613635
827,inf,,,-0.0008713020715140907,,inf,inf
828,,,,0.03229594494970511,inf,,-0.14965518453070883
829,,,,-0.0453646291303218,,,-0.20655780824489556
830,,,,0.005133852789528381,inf,inf,-0.07775454451984529
831,,inf,,0.09894462119628056,,inf,-0.11123537057905925
832,,inf,,0.17542375620651485,,,0.13495929219976463
833,,inf,,0.073505273639211,,,-0.03983792990813226
834,,,,0.07628163229599916,inf,inf,0.030107174560381006
835,,,,-0.059496468584778306,inf,,0.08851225008982991
836,inf,,,0.23347221051385025,inf,,0.05876666626098101
837,,,,-inf,,,0.13960528548109316
838,,,,-0.0671588848794713,,inf,-0.005349696875701582
839,,,,0.0700159835998515,inf,,0.08891882694575345
840,,,,inf,,,-0.24462605894143655
841,,,,0.06400699692149092,inf,inf,0.054729865612976075
842,,,,-inf,,inf,0.04242913943979168
843,,,,0.08728060225761358,inf,inf,-0.05160532343667945
844,,,,0.1843706355046728,inf,inf,-0.2294706025186215
845,,,,inf,inf,inf,-0.02748150862481022
846,,,,0.14269192074530124,,,0.07192170054738442
847,,,,-0.02646510181054884,,inf,-0.005226568912289953
848,inf,,,0.038106461679732195,,inf,0.17793652636985344
849,inf,,,-0.06774070603059212,,inf,0.27780826927787083
850,,,,-0.009225545545200164,inf,,0.0867828978879536
851,inf,,,-0.07808119478982789,inf,,-0.14639478789451865
852,inf,,,-0.0016011854432353978,inf,inf,-0.32118018215351296
853,inf,inf,,0.03653827038153512,inf,,0.24966512386240827
854,,,,0.0376819440021261,inf,inf,-0.18989126204200188
855,,,,-0.07448595929312152,,inf,-0.11799957741363512
856,inf,,,-0.0929425184706123,inf,,0.05293180989139448
857,,inf,,0.23177782786485257,inf,,-0.08653871526987805
858,inf,,,-0.026466744828731237,inf,,0.027592442911234555
859,,,,inf,inf,inf,0.0370437586115093
860,,,,0.10035186049820655,,inf,-0.14394743231650123
861,,,,0.02677448292346063,inf,inf,-0.012690754322887132
862,inf,inf,,0.04568928232783609,,inf,-0.018122115134280886
863,,inf,,0.0036726089707244114,,inf,-0.13884850636915608
864,inf,,,0.15418343441438687,inf,,0.04960557308831395
865,inf,,,-0.05070200150233162,inf,inf,-0.1269165014243714
866,inf,,,0.03789473408909627,inf,inf,-0.12234484287407156
867,,,,0.8249408246489185,,inf,-0.062093214327150065
868,inf,inf,,0.12358112534756915,inf,,0.059076948090583364
869,,,,-0.004392524287352151,inf,inf,0.050203011769924116
870,inf,inf,,0.12944906403348488,inf,inf,-0.06609546950272199
871,,,,-0.07624015386797023,,,-0.08606576002182309
872,inf,,,0.07030217284541163,inf,inf,-0.04797420964005922
873,,,,0.1317754860045075,inf,inf,0.15242037570380448
874,,,,0.10456867796395675,,inf,-0.04168972011705896
875,inf,,,0.02798439937263253,inf,inf,0.13785104889487595
876,inf,inf,,-0.027358692274662477,inf,inf,-0.0627345624845371
877,,,,0.04230082310153627,,inf,-0.10202942284981316
878,inf,,,-inf,inf,inf,0.06921494966484346
879,,inf,,0.013695032478753255,inf,,0.07485892183371409
880,,,,0.07911805690018747,inf,inf,0.06584472446664072
881,,,,0.10095388826794327,inf,,-0.12044133895391033
882,,,,0.05953673732149789,,inf,-0.15697650092088297
883,inf,,,0.17330688006142103,inf,,-0.08162164452878126
884,,inf,,0.02496483589593268,inf,,0.010851118834352275
885,,,,-0.10002684370612158,inf,inf,0.26981541578357615
886,,,,0.14192405369582994,inf,inf,-0.10007376035637149
887,,,,-0.025295563258214804,inf,,-0.07184777141231663
888,,,,-0.04175476885529772,inf,inf,-0.0812533434096718
889,,,,0.06914209987742814,inf,inf,-0.11487291300346121
890,,inf,,-0.08025957379855786,,,0.12088385793168463
891,,,,0.013198736563810876,,inf,-0.046557128734455444
892,,,,0.12504437229785137,,,-0.18122484321842575
893,,inf,,-0.054275932154830064,inf,inf,-0.18014545362364234
894,,inf,,-0.001712772046736255,,inf,-0.09122768809667595
895,,,,0.08741295351845668,inf,,-0.204759547739841
896,inf,,,0.042187592437594956,,,0.04757676163550065
897,,inf,,0.031727951400977616,,,0.021339654887443105
898,,inf,,inf,inf,,-0.03695487321848864
899,,,,-0.009978715432093388,inf,inf,0.05050660280012362
900,,,,0.0403423330810988,inf,inf,0.09892779090046835
901,,inf,,0.05260951861600849,inf,inf,-0.05507360122009891
902,inf,,,0.20805027941556165,,,-0.10694850871040124
903,inf,,,0.06635083662194008,,inf,0.15643949793908582
904,,inf,,-0.009235051813825557,inf,inf,-0.06071154769605833
905,,,,-inf,,inf,-0.25065274617620315
906,,,,0.019866269817299553,inf,inf,0.13791810247251216
907,,,,-0.0071250124044592855,inf,inf,-0.31275615047139665
908,inf,inf,,0.09172536857346691,,,-0.13940641691855526
909,inf,,,0.029324691558075378,,inf,0.02745140899083262
910,,inf,,0.10869411125421613,inf,inf,0.0715451672486728
911,,,,0.09209820179385697,,inf,0.009620563296281748
912,inf,,,0.10030733820569449,inf,,0.05985762230346456
913,inf,,,0.24620815922792172,inf,,-0.25347049847153913
914,,inf,,0.030964642345177484,inf,inf,-0.2297377423191043
915,,inf,,-0.06262734202677112,,inf,-0.1566907652692427
916,inf,,,-inf,,,-0.18112226329177444
917,inf,,,0.004443964874995876,,,-0.11036305425573507
918,,,,-0.11236064739523144,,,-0.16885495915198723
919,,,,-0.1038664949849537,inf,,0.12283417680358796
920,,inf,,0.035109637869023436,inf,inf,-0.22451249447449304
921,,,,0.034560373634489716,inf,inf,0.11303287881987231
922,,,,0.1206659339940519,inf,inf,-0.17975958766321903
923,,,,0.0866154301244304,inf,,0.2842257798940533
924,inf,,,0.1187143781229012,,inf,-0.08647758641113251
925,,inf,,0.016206546392402377,inf,,-0.0892632789764505
926,inf,,,inf,inf,inf,0.13379559944110117
927,inf,,,0.08348224344856847,inf,inf,-0.17350587980561655
928,,,,0.07934359371169908,inf,inf,-0.07584578883974491
929,,,,0.15917619877323608,inf,inf,0.08997329528040862
930,,,,-inf,,inf,0.09998712445833638
931,inf,,,0.045471399922966116,inf,inf,0.011650413694585554
932,,inf,,0.02594955256509346,inf,,0.011660590685465627
933,,,,0.04305291317376714,inf,inf,0.04678758766695776
934,inf,,,0.010488784728573508,inf,,-0.022405527832368183
935,,,,0.3883873361236001,inf,,-0.1432339498514914
936,,inf,,-0.05024650998100211,inf,,0.12777961115765227
937,inf,inf,,0.056074775673246036,inf,,-0.07150801236617549
938,inf,,,0.15675766925647516,inf,inf,-0.046176819796438645
939,,,,0.13323475655753336,,,0.31058062006766207
940,,,,0.015280214321515828,inf,inf,-0.05962117573334905
941,,,,0.053857963374863704,inf,,-0.07066025966304568
942,inf,,,-0.02505720005623524,,inf,0.03945755961550804
943,,,,inf,inf,inf,-0.004494211052961772
944,inf,,,-0.09740251957744128,inf,,0.18495547363975343
945,,,,-inf,inf,inf,-0.17520121665961857
946,,,,-0.017024304091242337,inf,inf,0.009536270317219209
947,,,,0.01603685484845574,inf,inf,0.04716468286154704
948,,,,-0.07656565907368473,inf,,-0.15873451712201314
949,,,,-0.040586641557676106,,inf,-0.26080656851239514
950,inf,inf,,0.1277368400707466,inf,,0.148305478951858
951,,,,0.3013891734251255,,,-0.08275182257959421
952,,inf,,0.003726081062540798,,inf,-0.1667386122159734
953,,,,inf,,inf,0.07933584977236821
954,,,,0.05933130648474316,,inf,-0.19879368116379761
955,,,,0.020470890565138733,inf,,-0.08494864767068869
956,,,,0.09838396347199119,inf,inf,-0.2186026405798565
957,,,,0.04124520519272634,inf,,0.0353483096693136
958,,,,inf,inf,inf,0.11517882305754626
959,,,,-0.024096083840075,inf,,-0.09628454006214976
960,inf,,,inf,inf,inf,-0.02259250892626502
961,,,,0.016274340742681526,inf,inf,0.17717568056099584
962,,,,-0.12657022497986925,,,-0.2675249243761656
963,,,,0.00254412910160573,inf,,-0.08660978189244964
964,inf,,,0.05898249235224773,,inf,0.2111584667562417
965,,,,0.09000118182922501,inf,,0.0005059787419156581
966,,,,-inf,inf,inf,-0.03687027167039958
967,,,,0.004586716828354431,inf,inf,0.15087849587807142
968,inf,,,0.0561379023539339,inf,inf,0.10928553296340585
969,,,,0.18929186395186504,inf,,0.1395929102979737
970,,inf,,0.004802020588105194,,,-0.011676612767561573
971,inf,,,0.04804855956264098,inf,,0.0037448358016173855
972,inf,,,inf,inf,inf,0.1809641687672818
973,,,,0.10143154535141052,inf,inf,-0.15195170357009363
974,,inf,,0.07969332283883701,,,0.08537053539532521
975,inf,,,-0.02479736079050565,,,0.043068321286481165
976,,inf,,-0.00012071805140778658,inf,inf,0.06230290478626174
977,,,,0.1849532389842503,inf,,0.015545467602643664
978,,,,inf,,,-0.03208305875405565
979,,inf,,0.1692247705319152,inf,inf,-0.3552300318523076
980,,,,-0.008614295331096589,inf,,0.08081348774446953
981,,inf,,0.045317427663718046,,inf,-0.03363557296715966
982,,,,-0.0008124790233905443,,inf,0.08538205511490568
983,inf,,,0.09792390294193787,inf,,0.0906352979934004
984,,,,0.05416110129771501,inf,,0.15212123870758934
985,,,,inf,inf,,0.010579361754223693
986,,,,-0.0592854930464608,inf,inf,0.1630189494096537
987,,,,0.07103022109856649,inf,,0.09053821898795997
988,,,,0.40555528712308253,,inf,-0.1588001853760644
989,,,,0.09395137867892833,inf,inf,0.20987639312532477
990,,inf,,0.0713266897302971,,,0.15153231726183167
991,,,,0.13542064753855,inf,,0.0990826834993627
992,,,,-0.07156334926527252,,inf,0.19457321348158055
993,inf,,,-0.06354431499468105,inf,inf,-0.08343585588132824
994,,,,inf,inf,,-0.20439614813741602
995,,inf,,-0.02214347112267978,,inf,-0.0862975265781056
996,,,,0.16747932875562666,inf,,-0.048598330404728635
997,,,,inf,,inf,0.06592120052377784
998,,,,-0.032949522954229815,inf,,-0.00630137462236155
999,,,,0.09564909670945831,inf,,-0.017420325410921117
